NAMES,DATE_OF_BIRTH,LOCATION,ID_NUMBER,DOC_TYPE,NAME_LABEL,DOB_LABEL,LOCATION_LABEL,ID_LABEL
RACHITA N,29-06-1977,Rajasthan,S6486063,EXCEL_RECORD,Full Name,Birth Date,Place of Issue,Passport Number
Chakrika Agate,1989/06/18,MADURAI,I2551306,PASSPORT,Name,DOB,Place of Birth,Passport Number
Chaitaly U Manne,15-01-2002,Kerala,4403 9364 5232,EXCEL_RECORD,Full Name,Birth Date,Location,ID Number
QADIM BORRA,06-09-1968,SHARJAH,I6049963,PASSPORT,Holder Name,DOB,Place of Birth,Passport Number
Yatan Kumer,1978/01/28,AJMAN,M2283295,PASSPORT,Name,DOB,Location,ID Number
RIA C GANESH,1981/10/10,DURG,9494 8459 9362,AADHAAR,Holder Name,Birth Date,Place of Issue,ID Number
ARYA VARMA,03 Dec 1990,Varanasi,XXXX XXXX 0606,EXCEL_RECORD,Name,DOB,Place of Issue,ID Number
CHAMPAK Q,1971/05/02,Ajman,O0661027,PASSPORT,Names,Date of Birth,Place of Issue,Document ID
JYOTI E,2003/11/10,Nagercoil,8531 3672 3960,AADHAAR,Full Name,Birth Date,Address Location,Passport Number
Yashica Bath,1968/05/08,Telangana,1224 3781 3551,AADHAAR,Given Name,Year of Birth,Location,ID Number
Arunima Anika Suri,14/07/2000,KADAPA,O2614192,PASSPORT,Name,Birth Date,Place of Issue,ID Number
Dayamai N Nayar,08/05/2005,Sagar,6506 0886 6868,AADHAAR,Given Name,DOB,Place of Birth,ID Number
AMRUTA PILLAY,19-08-1976,SHARJAH,U4926911,PASSPORT,Names,Year of Birth,Location,Passport Number
SAI Q KIBE,14/11/1969,KURNOOL,W6069405,PASSPORT,Names,Date of Birth,Place of Issue,Document ID
Zarna Dugar,1995/09/25,MAHARASHTRA,XXXX XXXX 9364,AADHAAR,Full Name,DOB,Address Location,Aadhaar Number
Warinder Shravya Bhat,1970/12/16,Delhi,XXXX XXXX 3996,EXCEL_RECORD,Holder Name,Birth Date,Location,Aadhaar Number
JASMIT Y,2002/11/30,HIMACHAL PRADESH,2293 1400 3287,EXCEL_RECORD,Names,Year of Birth,Address Location,Passport Number
REHAAN WAZIR BISWAS,14/08/1974,AL AIN,X3651833,PASSPORT,Given Name,Year of Birth,Place of Issue,Document ID
Omaja Prisha Din,09-08-1992,ANDHRA PRADESH,0568 5170 6541,AADHAAR,Name,Birth Date,Place of Birth,Passport Number
IMARAN BANDI,22/01/2001,TELANGANA,0757 7586 7785,AADHAAR,Holder Name,Date of Birth,Address Location,Aadhaar Number
DAMYANTI B,19-12-2001,BALLY,XXXX XXXX 0648,EXCEL_RECORD,Name,DOB,Address Location,Document ID
Ekalinga Chhabra,22-05-1981,SHIMOGA,N6245098,EXCEL_RECORD,Name,Date of Birth,Location,ID Number
Zayan A Tella,11 Apr 1990,Dhanbad,2344 2898 0141,AADHAAR,Names,Year of Birth,Place of Birth,ID Number
ANAY MANBIR NORI,01/06/1972,DIBRUGARH,1489 6156 4814,EXCEL_RECORD,Given Name,DOB,Location,ID Number
NAKUL HAYER,28/09/1991,MADANAPALLE,5739 4258 0777,EXCEL_RECORD,Names,Date of Birth,Place of Issue,ID Number
Bina Bakhshi Kapur,19/01/2001,Firozabad,P8436392,PASSPORT,Given Name,Date of Birth,Place of Issue,Aadhaar Number
BHAVANI BALAN,05 Mar 2000,Gujarat,7644 1192 1825,AADHAAR,Full Name,Year of Birth,Address Location,ID Number
Jairaj Y,14/02/2005,Bareilly,F1866824,PASSPORT,Name,Date of Birth,Address Location,Passport Number
NIHAL A SOOD,09 Mar 2002,DELHI,9284 9403 7678,AADHAAR,Given Name,Date of Birth,Place of Issue,Document ID
Yuvraj U Devi,1974/04/10,ALAPPUZHA,XXXX XXXX 3477,EXCEL_RECORD,Given Name,Year of Birth,Address Location,Document ID
Garima Kalita,1979/05/02,AKOLA,A6383566,PASSPORT,Holder Name,Year of Birth,Place of Issue,ID Number
URISHILLA LABAN SALVI,02-10-1999,BILASPUR,1336 0354 8025,AADHAAR,Names,Birth Date,Address Location,Document ID
RANBIR BHAVYA SALVI,30 Sep 1985,Chandigarh,XXXX XXXX 0979,EXCEL_RECORD,Full Name,Date of Birth,Place of Issue,Passport Number
KEVIN CHOUDHARY,25 Oct 1975,DANAPUR,5186 0812 2463,AADHAAR,Given Name,Year of Birth,Place of Birth,Aadhaar Number
Tanmayi Shenoy,23/06/1989,ABU DHABI,Z6949596,PASSPORT,Name,Date of Birth,Place of Birth,Passport Number
Ati Saksham Lad,30-08-1982,SECUNDERABAD,P6559039,PASSPORT,Full Name,Year of Birth,Place of Birth,Aadhaar Number
Bhavini Fiyaz Buch,13-01-1971,Hajipur,S3228167,PASSPORT,Holder Name,Birth Date,Address Location,Aadhaar Number
Megha Mukhopadhyay,02-02-2002,Dewas,2568 2148 6315,EXCEL_RECORD,Names,DOB,Place of Issue,Document ID
Barkha Deshpande,29/12/1998,MYSORE,XXXX XXXX 2232,AADHAAR,Full Name,DOB,Place of Issue,Passport Number
Jack Xavier Mani,1996/03/21,Jodhpur,9342 6653 8720,EXCEL_RECORD,Given Name,Birth Date,Place of Birth,Aadhaar Number
FALAK JOSHI,28-05-1973,RAURKELA INDUSTRIAL TOWNSHIP,5981 9144 1354,AADHAAR,Name,Year of Birth,Place of Birth,Passport Number
Dayamai P,27-10-1985,PATIALA,Q2400377,EXCEL_RECORD,Full Name,Year of Birth,Place of Issue,ID Number
DEVANSH B MUNSHI,12 Aug 1982,Punjab,XXXX XXXX 9849,AADHAAR,Name,Year of Birth,Place of Birth,Passport Number
JASON N,1965/06/29,DUBAI,Z2064786,PASSPORT,Name,Date of Birth,Address Location,ID Number
Yoshita I Pillay,1991/06/10,Rampur,E5356670,PASSPORT,Names,Year of Birth,Place of Issue,ID Number
Yashasvi X Warrior,01-07-1998,RAURKELA INDUSTRIAL TOWNSHIP,8899 7655 2116,AADHAAR,Name,Year of Birth,Place of Birth,Document ID
CHARLES VIRK,31 Mar 1996,PANCHKULA,K9909204,EXCEL_RECORD,Names,Year of Birth,Address Location,Document ID
ALEXANDER SURA,10-10-1982,AL AIN,V6725587,PASSPORT,Name,DOB,Place of Birth,Aadhaar Number
JYOTI RAVEL,12 Apr 1994,SATNA,W4034134,PASSPORT,Name,Date of Birth,Place of Issue,ID Number
Jackson Ucchal Bir,2007/06/01,HARYANA,6639 5384 5292,EXCEL_RECORD,Name,DOB,Address Location,Document ID
IDIKA Z,2001/11/28,Uttar Pradesh,F6554498,EXCEL_RECORD,Name,Date of Birth,Address Location,Passport Number
Zayyan Chakradhar Bansal,07 Dec 1975,DUBAI,R4091357,PASSPORT,Name,Birth Date,Place of Birth,Aadhaar Number
Libni J,18/08/2001,BHALSWA JAHANGIR PUR,0168 9824 9303,AADHAAR,Holder Name,Birth Date,Place of Issue,Document ID
GIRINDRA A,18 Jan 1968,AJMAN,M0468073,PASSPORT,Names,Year of Birth,Location,Aadhaar Number
Gaurav Kara,27-03-1993,Ajman,E8617288,PASSPORT,Holder Name,Year of Birth,Place of Birth,ID Number
Kala Varughese,12/10/2005,Al Ain,L4116032,PASSPORT,Holder Name,Year of Birth,Location,Aadhaar Number
JASON S,14-04-1993,NAIHATI,I9581146,EXCEL_RECORD,Given Name,DOB,Place of Issue,Aadhaar Number
Leena Andra,11-06-2000,AMRAVATI,XXXX XXXX 6124,AADHAAR,Names,Date of Birth,Place of Birth,Document ID
JEREMIAH S,23 Dec 1976,DUBAI,P7196933,PASSPORT,Name,Date of Birth,Place of Birth,Document ID
INAYA NIKITA PATHAK,2004/06/05,Odisha,XXXX XXXX 9486,AADHAAR,Given Name,Date of Birth,Place of Birth,Aadhaar Number
Ansh Kurian,1982/05/17,Karnataka,7789 3408 6910,AADHAAR,Names,Year of Birth,Place of Issue,Document ID
Chakradhar Dugar,07/02/2000,PUNJAB,XXXX XXXX 2736,AADHAAR,Name,Year of Birth,Place of Issue,Aadhaar Number
Aarnav F,1977/05/06,BHUSAWAL,Y6432747,PASSPORT,Full Name,Date of Birth,Place of Issue,ID Number
BALVEER F,04-08-1985,SIWAN,W4650394,PASSPORT,Name,Birth Date,Address Location,Aadhaar Number
Jagat Bains,23/02/2000,VISAKHAPATNAM,F5660013,EXCEL_RECORD,Holder Name,DOB,Place of Issue,Aadhaar Number
Turvi N Narayanan,19 Sep 1968,FIROZABAD,6491 7776 8181,AADHAAR,Names,Year of Birth,Place of Issue,ID Number
KRISHA BALHAAR WALIA,29/11/1996,ICHALKARANJI,XXXX XXXX 0784,EXCEL_RECORD,Holder Name,Date of Birth,Place of Issue,ID Number
IJAYA NANDINI UPADHYAY,30 Oct 1992,Rajasthan,XXXX XXXX 4618,AADHAAR,Name,Birth Date,Place of Birth,Passport Number
Michael Wishi Jhaveri,03 Jul 1976,Jamshedpur,9700 9439 7433,EXCEL_RECORD,Names,Date of Birth,Place of Birth,Passport Number
INAYA F VALA,03-11-1978,TELANGANA,8110 2699 4228,AADHAAR,Full Name,DOB,Address Location,Document ID
VANYA PALL,1974/06/29,DEHRI,B2470040,PASSPORT,Given Name,Year of Birth,Place of Birth,ID Number
Umang D,07 Apr 1993,ANDHRA PRADESH,7150 3324 0463,EXCEL_RECORD,Holder Name,DOB,Place of Birth,Aadhaar Number
GAURANGI SAMARTH BANSAL,10-05-1999,Tamil Nadu,XXXX XXXX 1779,AADHAAR,Names,Year of Birth,Location,Aadhaar Number
GOPAL X,11/01/1974,MUZAFFARPUR,V6081590,PASSPORT,Names,DOB,Place of Issue,Passport Number
Banjeet H Misra,1984/02/07,DUBAI,W3845532,PASSPORT,Given Name,Birth Date,Place of Birth,ID Number
Falan T,1976/12/26,Al Ain,V7100294,PASSPORT,Full Name,Year of Birth,Location,Passport Number
Ishita N,09/12/1987,TELANGANA,N2420138,EXCEL_RECORD,Given Name,DOB,Place of Birth,Document ID
Yatin R Bahri,20-05-1990,WEST BENGAL,9723 5487 7100,AADHAAR,Given Name,Year of Birth,Place of Issue,Passport Number
SAMAKSH N,10 Jun 1969,KERALA,7745 9086 5730,AADHAAR,Name,Year of Birth,Location,ID Number
Kala Chopra,17 Oct 1980,Madhya Pradesh,XXXX XXXX 0431,EXCEL_RECORD,Full Name,Date of Birth,Address Location,Aadhaar Number
SAMARTH D CHANDRAN,14-11-1996,AL AIN,Y9140143,PASSPORT,Name,Birth Date,Place of Birth,ID Number
DAMINI OVIYA NAIDU,06/07/1982,GUJARAT,0126 2786 0050,EXCEL_RECORD,Names,Birth Date,Address Location,Aadhaar Number
MADHAVI K SULE,1981/08/04,UTTAR PRADESH,XXXX XXXX 8740,AADHAAR,Given Name,Year of Birth,Place of Issue,Passport Number
OWEN I SANDHU,1968/01/06,Odisha,2204 7470 5514,AADHAAR,Names,Date of Birth,Location,Aadhaar Number
Damini M Iyer,14-09-1994,VIJAYAWADA,XXXX XXXX 4779,AADHAAR,Names,DOB,Address Location,ID Number
Tanveer Munshi,1992/11/18,Dubai,M6123481,PASSPORT,Holder Name,Date of Birth,Location,Aadhaar Number
Irya Peri,28 Oct 1979,JABALPUR,H0076282,PASSPORT,Names,Date of Birth,Place of Birth,Passport Number
Bhavna P Das,27 Jun 1995,Akola,4697 6815 6676,EXCEL_RECORD,Name,Date of Birth,Address Location,Aadhaar Number
Aarav L,2007/02/17,Sharjah,M4917108,PASSPORT,Given Name,Date of Birth,Location,ID Number
ARJUN BAL,24-12-1996,Durg,4462 3115 1985,EXCEL_RECORD,Names,Year of Birth,Location,Aadhaar Number
Vihaan Dhar,25-06-1987,DUBAI,L4700383,PASSPORT,Given Name,Year of Birth,Place of Birth,Passport Number
INAYA UPASNA GANGULY,21/08/2005,ANDHRA PRADESH,XXXX XXXX 5079,AADHAAR,Holder Name,Date of Birth,Address Location,Document ID
Gavin K Oommen,26/10/1987,GUJARAT,XXXX XXXX 0703,EXCEL_RECORD,Holder Name,Birth Date,Location,Aadhaar Number
Chakradhar Shenoy,17/01/1983,SASARAM,4254 7264 7170,AADHAAR,Holder Name,Birth Date,Place of Issue,Passport Number
Isaac Vyanjana Kakar,21/06/1966,TELANGANA,2961 8156 9096,EXCEL_RECORD,Names,DOB,Place of Issue,Aadhaar Number
OMKAAR CHERIAN,02-01-1971,ANDHRA PRADESH,P9648968,EXCEL_RECORD,Holder Name,Year of Birth,Address Location,Document ID
KRISHNA K,29 Oct 1973,MADHYA PRADESH,M9153975,EXCEL_RECORD,Name,DOB,Location,Aadhaar Number
SAI CHOUDHARY,16-03-1998,KOCHI,6955 3768 8888,EXCEL_RECORD,Holder Name,Year of Birth,Place of Issue,ID Number
Jeremiah P Natarajan,29-02-1980,DELHI,5181 0453 1125,AADHAAR,Given Name,Year of Birth,Place of Birth,Passport Number
Ansh Sharaf,27/05/1988,SRI GANGANAGAR,8262 7275 0324,AADHAAR,Name,DOB,Location,Passport Number
Bhanumati M Seshadri,18/12/1981,BETTIAH,4954 4278 7503,AADHAAR,Name,Birth Date,Place of Birth,ID Number
Balendra U,29 May 1989,BHAGALPUR,T6203714,PASSPORT,Holder Name,Year of Birth,Location,Passport Number
Chandresh E Vala,30-04-1990,TAMIL NADU,5827 9477 9959,EXCEL_RECORD,Names,Birth Date,Place of Birth,ID Number
MAYA OOMMEN,07 Oct 2007,HALDIA,XXXX XXXX 7850,EXCEL_RECORD,Holder Name,Birth Date,Location,Document ID
ZARNA N,26/12/1999,Sharjah,I9218191,PASSPORT,Names,DOB,Location,Passport Number
Tristan Pranit Lad,17-12-1975,ABU DHABI,A0853716,PASSPORT,Holder Name,Date of Birth,Address Location,ID Number
Vansha Jason Choudhry,06 May 1988,Madhya Pradesh,1123 8396 7012,AADHAAR,Names,DOB,Location,Passport Number
Gautam Z,17/12/1980,RAICHUR,XXXX XXXX 0633,AADHAAR,Names,Year of Birth,Place of Birth,Document ID
INAYA MANNE,16-07-1978,WEST BENGAL,7307 2257 6399,AADHAAR,Names,Date of Birth,Location,Aadhaar Number
Sneha L Khanna,1989/08/30,GUJARAT,7901 4290 6588,AADHAAR,Full Name,Year of Birth,Place of Issue,Passport Number
David Q,1988/12/31,ODISHA,4847 0836 8843,AADHAAR,Names,Date of Birth,Location,Document ID
Yadavi Bina Sabharwal,12/09/1982,GUJARAT,XXXX XXXX 9090,AADHAAR,Full Name,Birth Date,Address Location,ID Number
Sathvik Yashoda Varty,04 Aug 1996,ODISHA,XXXX XXXX 0947,AADHAAR,Names,DOB,Location,ID Number
DIPTA ZACHARIA,1971/01/11,AJMAN,Z7396129,PASSPORT,Given Name,Year of Birth,Place of Birth,Document ID
Om Chawla,21/01/1984,AJMAN,O6024615,PASSPORT,Names,Date of Birth,Place of Issue,Aadhaar Number
Chatura Sathe,1993/03/18,MAHARASHTRA,XXXX XXXX 5991,AADHAAR,Given Name,Year of Birth,Place of Birth,Aadhaar Number
Gabriel D Master,13/09/1978,BARASAT,D9972541,PASSPORT,Given Name,Birth Date,Place of Issue,ID Number
Oscar Chaudhari,08/10/2003,UTTAR PRADESH,7945 3251 5244,AADHAAR,Holder Name,Date of Birth,Place of Birth,Passport Number
Sanaya Goda,02-11-1978,CHANDIGARH,XXXX XXXX 5446,AADHAAR,Given Name,DOB,Place of Birth,Passport Number
Lopa L,14-07-1966,NOIDA,I6332434,PASSPORT,Given Name,DOB,Address Location,Aadhaar Number
GAURANGI ANUSHA CHAUDHARY,07 Jun 1994,Srinagar,8583 4037 2715,AADHAAR,Name,Birth Date,Place of Birth,Aadhaar Number
Bimala Yohannan,28 Jan 2000,ABU DHABI,C9512519,PASSPORT,Name,Birth Date,Place of Birth,Document ID
Owen Sankar,12/09/1992,GUNTAKAL,0090 4631 2413,EXCEL_RECORD,Given Name,DOB,Place of Birth,Aadhaar Number
Anmol L Raval,18-10-1993,AVADI,9792 4108 0302,AADHAAR,Holder Name,Birth Date,Location,ID Number
Keya M,02 Jan 2005,MADHYA PRADESH,8724 4466 1339,EXCEL_RECORD,Full Name,DOB,Place of Birth,Document ID
Ishaan Krish Deshmukh,23/06/2004,AJMAN,L6377570,PASSPORT,Given Name,DOB,Location,Passport Number
Pranit Choudhry,05 Jul 2001,TENALI,XXXX XXXX 8564,EXCEL_RECORD,Names,Birth Date,Place of Birth,ID Number
ANSH MITESH SACHDEV,1976/03/24,GULBARGA,5549 3507 3380,EXCEL_RECORD,Name,Birth Date,Location,Document ID
Bahadurjit Pooja Thakur,1988/09/07,GURGAON,C3479931,PASSPORT,Names,Year of Birth,Location,Aadhaar Number
Avi U Bhakta,01 Mar 1980,Agartala,C2289674,PASSPORT,Holder Name,Birth Date,Place of Birth,Aadhaar Number
Jhalak Sanaya Mangal,16-11-1995,AL AIN,U5545599,PASSPORT,Names,Year of Birth,Place of Birth,Document ID
Maanav Krishnamurthy,13 Oct 1966,CHAPRA,H4673780,PASSPORT,Given Name,Birth Date,Address Location,ID Number
Maanas Patla,16-10-1970,NEW DELHI,9656 7164 4156,AADHAAR,Full Name,DOB,Place of Issue,ID Number
Oni P,30/08/2006,KARNATAKA,1787 6461 1369,EXCEL_RECORD,Holder Name,Date of Birth,Place of Birth,Document ID
Rishi Krishna,04/05/1969,SULTAN PUR MAJRA,F6100520,EXCEL_RECORD,Name,Date of Birth,Place of Birth,Aadhaar Number
Xiti Chacko,1997/03/04,Sangli-Miraj & Kupwad,XXXX XXXX 6257,EXCEL_RECORD,Holder Name,Date of Birth,Place of Issue,Passport Number
DALAJA WARJAS AGATE,23/07/2005,Madhya Pradesh,7741 5580 9963,AADHAAR,Name,Date of Birth,Address Location,Document ID
GABRIEL SHETTY,06-04-2006,Udupi,XXXX XXXX 1089,EXCEL_RECORD,Holder Name,Year of Birth,Place of Issue,Document ID
Kai J,11 Sep 2003,Kavali,J6227131,PASSPORT,Given Name,Birth Date,Location,Passport Number
Gaurav Bath,21 Apr 1986,Bihar,3896 6959 0935,EXCEL_RECORD,Names,DOB,Place of Issue,ID Number
Warhi Soman,18/09/2000,THANE,XXXX XXXX 1156,EXCEL_RECORD,Given Name,DOB,Place of Birth,Aadhaar Number
Tanish Krishna Chahal,01/06/2005,Dubai,J9299815,PASSPORT,Holder Name,Year of Birth,Location,Aadhaar Number
Jalsa Choudhry,22 Oct 1996,Katihar,O9250005,PASSPORT,Full Name,DOB,Address Location,ID Number
Radhika Solanki,10-11-1965,North Dumdum,0161 3176 8501,EXCEL_RECORD,Given Name,Date of Birth,Location,Passport Number
Amrita Zacharia,27-10-1982,MAHARASHTRA,XXXX XXXX 8655,EXCEL_RECORD,Name,Year of Birth,Location,ID Number
TRIVENI Y,16-05-1994,Haridwar,5486 6355 8950,AADHAAR,Names,DOB,Address Location,Passport Number
Chakrika P,17-03-1966,CHANDIGARH,XXXX XXXX 3101,AADHAAR,Given Name,Date of Birth,Address Location,Aadhaar Number
KAMALA NIKITA WALI,09/07/1966,JAMMU,A8998386,PASSPORT,Holder Name,Year of Birth,Place of Issue,Passport Number
DAKSH Z,02-03-2003,Proddatur,XXXX XXXX 5708,AADHAAR,Given Name,Birth Date,Place of Birth,Document ID
Vaishnavi G,1995/04/01,HALDIA,XXXX XXXX 9864,AADHAAR,Name,Date of Birth,Place of Issue,Document ID
Tristan S Kakar,01 Nov 1972,SHARJAH,U6884287,PASSPORT,Full Name,Date of Birth,Place of Issue,Document ID
Jason R Saini,06 May 1971,Bhiwani,1235 2363 7849,AADHAAR,Holder Name,Birth Date,Place of Birth,Document ID
Indrajit T Mishra,1980/06/06,ANDHRA PRADESH,M5479190,EXCEL_RECORD,Full Name,DOB,Place of Birth,ID Number
SAMAKSH WAIDA TANDON,15/07/1999,Abu Dhabi,U4602322,PASSPORT,Names,DOB,Place of Birth,Passport Number
Lohit Nilima Dalal,24 Mar 1992,Madhya Pradesh,9601 5683 7672,AADHAAR,Holder Name,DOB,Location,Aadhaar Number
Zaid Lopa Hans,26/02/1986,MAHARASHTRA,P0807999,EXCEL_RECORD,Full Name,Year of Birth,Place of Birth,Document ID
QUINCY W DALAL,18/06/1971,Medininagar,XXXX XXXX 0502,EXCEL_RECORD,Holder Name,Year of Birth,Location,Aadhaar Number
Jatin X Halder,1991/03/24,Anand,XXXX XXXX 5512,AADHAAR,Holder Name,Year of Birth,Place of Birth,Aadhaar Number
Aarnav Lajita Dewan,12/11/1996,PUNJAB,XXXX XXXX 5065,EXCEL_RECORD,Name,DOB,Place of Issue,Aadhaar Number
Rayaan Vedika Chaudhary,1974/03/20,RAJASTHAN,XXXX XXXX 1345,EXCEL_RECORD,Given Name,Date of Birth,Place of Birth,Document ID
NEEL BINA YADAV,2008/01/02,SHIVPURI,S8518994,PASSPORT,Given Name,Birth Date,Location,Document ID
Dakshesh S,13-11-1987,Bihar Sharif,M9971098,PASSPORT,Holder Name,Year of Birth,Address Location,Aadhaar Number
MAX LATA,23-08-1967,Meerut,7217 6145 2663,AADHAAR,Given Name,Date of Birth,Place of Issue,Aadhaar Number
TRIYA SAUMYA MAHAL,16 Aug 1973,BIKANER,XXXX XXXX 8059,AADHAAR,Names,Date of Birth,Location,Document ID
OVIYA ZILMIL OOMMEN,19/03/1990,MADHYA PRADESH,XXXX XXXX 4036,EXCEL_RECORD,Names,DOB,Place of Birth,ID Number
Bhavani Singh,1969/02/03,CHINSURAH,E7346076,PASSPORT,Name,Date of Birth,Place of Issue,Aadhaar Number
Gunbir Z Gupta,18-08-1981,Madhya Pradesh,9357 3768 2942,AADHAAR,Holder Name,Birth Date,Place of Birth,Passport Number
Siddharth D,1981/08/14,Maharashtra,5285 2401 3705,AADHAAR,Holder Name,Birth Date,Address Location,Aadhaar Number
Upma Kale,27-04-1970,DELHI,XXXX XXXX 0042,AADHAAR,Holder Name,Date of Birth,Location,ID Number
KRISHA HALDER,2005/07/28,BHIMAVARAM,G1827129,PASSPORT,Full Name,Birth Date,Place of Birth,ID Number
Neha Keer,1972/10/27,BIHAR SHARIF,3553 0229 6383,EXCEL_RECORD,Full Name,Date of Birth,Location,Document ID
Eshana Minhas,2007/08/18,PUNJAB,7504 5666 4180,EXCEL_RECORD,Holder Name,Date of Birth,Address Location,Aadhaar Number
Champak Nazareth,22 May 1989,Fatehpur,M3832476,EXCEL_RECORD,Names,Year of Birth,Address Location,Passport Number
Manan Yasti Chowdhury,1990/07/01,Saharanpur,R6897348,PASSPORT,Name,DOB,Place of Birth,Aadhaar Number
Dev Dhaliwal,24 Jun 1998,MORENA,P8760091,PASSPORT,Name,Birth Date,Location,Document ID
Rushil O,19/02/1992,AMBARNATH,S4990839,PASSPORT,Names,Date of Birth,Place of Birth,Passport Number
CHRISTOPHER KOHLI,13/04/2005,HARYANA,XXXX XXXX 1368,AADHAAR,Name,Birth Date,Address Location,Document ID
SARA RAJAN,1976/07/10,TIRUCHIRAPPALLI,1936 4149 7255,AADHAAR,Full Name,DOB,Place of Issue,ID Number
Dayamai D Aurora,2000/12/15,MADHYA PRADESH,XXXX XXXX 7645,AADHAAR,Name,Year of Birth,Location,ID Number
Yashvi Oommen,22/01/1985,Kharagpur,XXXX XXXX 3548,AADHAAR,Given Name,DOB,Place of Birth,Document ID
BAHADURJIT G,16-12-1983,MAHARASHTRA,Q8268704,EXCEL_RECORD,Name,Birth Date,Place of Issue,ID Number
Jalsa L Yadav,15-11-1976,MAHARASHTRA,4776 2546 0619,AADHAAR,Full Name,Year of Birth,Place of Birth,Passport Number
VRISHTI LIAM BABU,1995/03/07,Imphal,XXXX XXXX 9179,EXCEL_RECORD,Holder Name,Year of Birth,Location,Document ID
TEERTH DUGAR,23-06-1975,Anantapuram,XXXX XXXX 0627,EXCEL_RECORD,Name,Birth Date,Place of Birth,Document ID
DIYA BAHADURJIT DASGUPTA,27-09-2007,Andhra Pradesh,2063 8642 4714,EXCEL_RECORD,Name,Birth Date,Address Location,Aadhaar Number
Advik L,07 May 2007,Kota,XXXX XXXX 1332,AADHAAR,Holder Name,Date of Birth,Place of Birth,ID Number
Bhanumati X,29 Jun 1973,MEDININAGAR,XXXX XXXX 1077,AADHAAR,Name,Date of Birth,Location,ID Number
Azad Chakradhar Tank,12 Apr 1975,BHAVNAGAR,S2195930,EXCEL_RECORD,Names,Date of Birth,Place of Birth,Passport Number
Leena N Ratta,17-02-1997,Delhi,1672 0545 8490,AADHAAR,Names,Year of Birth,Location,Document ID
Chakrika R,2000/02/22,AJMAN,V5001706,PASSPORT,Full Name,Birth Date,Address Location,Aadhaar Number
Hardik Pranav Handa,12/12/1989,Ballia,XXXX XXXX 0433,EXCEL_RECORD,Names,Birth Date,Place of Issue,Passport Number
MAANAS DANI,1970/06/29,SHIVPURI,XXXX XXXX 1613,AADHAAR,Holder Name,DOB,Place of Issue,Document ID
Rehaan Owen Badami,19/03/1977,Latur,O1241444,PASSPORT,Holder Name,Date of Birth,Place of Issue,Aadhaar Number
NEELIMA Y,25 Oct 1979,Andhra Pradesh,3535 6426 2380,AADHAAR,Names,DOB,Location,Document ID
Lakshmi Z Sachar,06 Oct 1984,SHARJAH,A6685551,PASSPORT,Given Name,Year of Birth,Place of Birth,ID Number
Mitesh Chaitanya Menon,06 Jan 1979,UTTAR PRADESH,0124 3162 5473,EXCEL_RECORD,Full Name,Birth Date,Location,Document ID
Lohit Mahal,23-10-2001,BHIWANDI,XXXX XXXX 7742,EXCEL_RECORD,Names,Year of Birth,Place of Birth,Document ID
CHANCHAL L SWAMINATHAN,09 Feb 1970,BURHANPUR,D0080922,PASSPORT,Name,DOB,Place of Birth,Document ID
Udant V,1972/01/09,Dehradun,XXXX XXXX 1878,AADHAAR,Names,Year of Birth,Location,Passport Number
Aadhya Ubika Kulkarni,1992/03/08,KATNI,6667 6768 3992,AADHAAR,Full Name,DOB,Place of Issue,Document ID
